cohort,pipeline,seed,model,task_idx,subject_acc
ad,ANOVA,42,KNN,0,1.0
ad,ANOVA,42,KNN,1,1.0
ad,ANOVA,42,KNN,2,1.0
ad,ANOVA,42,MLP_(Neural_Network),0,0.9076923076923077
ad,ANOVA,42,MLP_(Neural_Network),1,0.8923076923076924
ad,ANOVA,42,MLP_(Neural_Network),2,0.9384615384615385
ad,ANOVA,42,SVM,0,0.7384615384615385
ad,ANOVA,42,SVM,1,0.8615384615384616
ad,ANOVA,42,SVM,2,0.7538461538461538
ad,ANOVA,42,XGBoost,0,1.0
ad,ANOVA,42,XGBoost,1,1.0
ad,ANOVA,42,XGBoost,2,0.9692307692307692
ad,ANOVA,43,KNN,0,1.0
ad,ANOVA,43,KNN,1,1.0
ad,ANOVA,43,KNN,2,1.0
ad,ANOVA,43,MLP_(Neural_Network),0,0.9538461538461539
ad,ANOVA,43,MLP_(Neural_Network),1,0.9538461538461539
ad,ANOVA,43,MLP_(Neural_Network),2,0.8769230769230769
ad,ANOVA,43,SVM,0,0.7384615384615385
ad,ANOVA,43,SVM,1,0.7076923076923077
ad,ANOVA,43,SVM,2,0.8769230769230769
ad,ANOVA,43,XGBoost,0,1.0
ad,ANOVA,43,XGBoost,1,0.9692307692307692
ad,ANOVA,43,XGBoost,2,1.0
ad,ANOVA,44,KNN,0,1.0
ad,ANOVA,44,KNN,1,1.0
ad,ANOVA,44,KNN,2,1.0
ad,ANOVA,44,MLP_(Neural_Network),0,0.9384615384615385
ad,ANOVA,44,MLP_(Neural_Network),1,0.8923076923076924
ad,ANOVA,44,MLP_(Neural_Network),2,0.9384615384615385
ad,ANOVA,44,SVM,0,0.8307692307692308
ad,ANOVA,44,SVM,1,0.7538461538461538
ad,ANOVA,44,SVM,2,0.7538461538461538
ad,ANOVA,44,XGBoost,0,1.0
ad,ANOVA,44,XGBoost,1,1.0
ad,ANOVA,44,XGBoost,2,0.9692307692307692
ad,ANOVA,45,KNN,0,1.0
ad,ANOVA,45,KNN,1,1.0
ad,ANOVA,45,KNN,2,1.0
ad,ANOVA,45,MLP_(Neural_Network),0,0.9230769230769231
ad,ANOVA,45,MLP_(Neural_Network),1,0.9538461538461539
ad,ANOVA,45,MLP_(Neural_Network),2,0.8615384615384616
ad,ANOVA,45,SVM,0,0.6923076923076923
ad,ANOVA,45,SVM,1,0.8307692307692308
ad,ANOVA,45,SVM,2,0.6923076923076923
ad,ANOVA,45,XGBoost,0,1.0
ad,ANOVA,45,XGBoost,1,0.9692307692307692
ad,ANOVA,45,XGBoost,2,1.0
ad,ANOVA,46,KNN,0,1.0
ad,ANOVA,46,KNN,1,1.0
ad,ANOVA,46,KNN,2,1.0
ad,ANOVA,46,MLP_(Neural_Network),0,0.9230769230769231
ad,ANOVA,46,MLP_(Neural_Network),1,0.9384615384615385
ad,ANOVA,46,MLP_(Neural_Network),2,0.8769230769230769
ad,ANOVA,46,SVM,0,0.7538461538461538
ad,ANOVA,46,SVM,1,0.8461538461538461
ad,ANOVA,46,SVM,2,0.7076923076923077
ad,ANOVA,46,XGBoost,0,0.9692307692307692
ad,ANOVA,46,XGBoost,1,1.0
ad,ANOVA,46,XGBoost,2,1.0
ad,ANOVA,47,KNN,0,0.9846153846153847
ad,ANOVA,47,KNN,1,0.9846153846153847
ad,ANOVA,47,KNN,2,1.0
ad,ANOVA,47,MLP_(Neural_Network),0,0.8769230769230769
ad,ANOVA,47,MLP_(Neural_Network),1,0.9230769230769231
ad,ANOVA,47,MLP_(Neural_Network),2,0.8769230769230769
ad,ANOVA,47,SVM,0,0.7230769230769231
ad,ANOVA,47,SVM,1,0.7384615384615385
ad,ANOVA,47,SVM,2,0.8307692307692308
ad,ANOVA,47,XGBoost,0,1.0
ad,ANOVA,47,XGBoost,1,1.0
ad,ANOVA,47,XGBoost,2,0.9846153846153847
ad,ANOVA,48,KNN,0,1.0
ad,ANOVA,48,KNN,1,1.0
ad,ANOVA,48,KNN,2,1.0
ad,ANOVA,48,MLP_(Neural_Network),0,0.8769230769230769
ad,ANOVA,48,MLP_(Neural_Network),1,0.8923076923076924
ad,ANOVA,48,MLP_(Neural_Network),2,0.7538461538461538
ad,ANOVA,48,SVM,0,0.7384615384615385
ad,ANOVA,48,SVM,1,0.8461538461538461
ad,ANOVA,48,SVM,2,0.7384615384615385
ad,ANOVA,48,XGBoost,0,0.9846153846153847
ad,ANOVA,48,XGBoost,1,1.0
ad,ANOVA,48,XGBoost,2,1.0
ad,ANOVA,49,KNN,0,1.0
ad,ANOVA,49,KNN,1,1.0
ad,ANOVA,49,KNN,2,1.0
ad,ANOVA,49,MLP_(Neural_Network),0,0.8769230769230769
ad,ANOVA,49,MLP_(Neural_Network),1,0.8307692307692308
ad,ANOVA,49,MLP_(Neural_Network),2,0.9076923076923077
ad,ANOVA,49,SVM,0,0.7230769230769231
ad,ANOVA,49,SVM,1,0.8461538461538461
ad,ANOVA,49,SVM,2,0.7076923076923077
ad,ANOVA,49,XGBoost,0,0.9846153846153847
ad,ANOVA,49,XGBoost,1,1.0
ad,ANOVA,49,XGBoost,2,1.0
ad,ANOVA,50,KNN,0,1.0
ad,ANOVA,50,KNN,1,1.0
ad,ANOVA,50,KNN,2,0.9846153846153847
ad,ANOVA,50,MLP_(Neural_Network),0,0.9076923076923077
ad,ANOVA,50,MLP_(Neural_Network),1,0.9538461538461539
ad,ANOVA,50,MLP_(Neural_Network),2,0.9384615384615385
ad,ANOVA,50,SVM,0,0.8615384615384616
ad,ANOVA,50,SVM,1,0.7538461538461538
ad,ANOVA,50,SVM,2,0.7384615384615385
ad,ANOVA,50,XGBoost,0,1.0
ad,ANOVA,50,XGBoost,1,0.9692307692307692
ad,ANOVA,50,XGBoost,2,1.0
ad,ANOVA,51,KNN,0,1.0
ad,ANOVA,51,KNN,1,1.0
ad,ANOVA,51,KNN,2,1.0
ad,ANOVA,51,MLP_(Neural_Network),0,0.9384615384615385
ad,ANOVA,51,MLP_(Neural_Network),1,0.9076923076923077
ad,ANOVA,51,MLP_(Neural_Network),2,0.9384615384615385
ad,ANOVA,51,SVM,0,0.7538461538461538
ad,ANOVA,51,SVM,1,0.8615384615384616
ad,ANOVA,51,SVM,2,0.7076923076923077
ad,ANOVA,51,XGBoost,0,1.0
ad,ANOVA,51,XGBoost,1,1.0
ad,ANOVA,51,XGBoost,2,0.9692307692307692
ad,PCA,42,KNN,0,1.0
ad,PCA,42,KNN,1,1.0
ad,PCA,42,KNN,2,1.0
ad,PCA,42,MLP_(Neural_Network),0,1.0
ad,PCA,42,MLP_(Neural_Network),1,1.0
ad,PCA,42,MLP_(Neural_Network),2,1.0
ad,PCA,42,SVM,0,0.8769230769230769
ad,PCA,42,SVM,1,0.9692307692307692
ad,PCA,42,SVM,2,0.8769230769230769
ad,PCA,42,XGBoost,0,1.0
ad,PCA,42,XGBoost,1,1.0
ad,PCA,42,XGBoost,2,1.0
ad,PCA,43,KNN,0,1.0
ad,PCA,43,KNN,1,1.0
ad,PCA,43,KNN,2,1.0
ad,PCA,43,MLP_(Neural_Network),0,1.0
ad,PCA,43,MLP_(Neural_Network),1,1.0
ad,PCA,43,MLP_(Neural_Network),2,1.0
ad,PCA,43,SVM,0,0.8923076923076924
ad,PCA,43,SVM,1,0.9538461538461539
ad,PCA,43,SVM,2,0.8923076923076924
ad,PCA,43,XGBoost,0,1.0
ad,PCA,43,XGBoost,1,1.0
ad,PCA,43,XGBoost,2,1.0
ad,PCA,44,KNN,0,1.0
ad,PCA,44,KNN,1,1.0
ad,PCA,44,KNN,2,1.0
ad,PCA,44,MLP_(Neural_Network),0,1.0
ad,PCA,44,MLP_(Neural_Network),1,1.0
ad,PCA,44,MLP_(Neural_Network),2,1.0
ad,PCA,44,SVM,0,0.8769230769230769
ad,PCA,44,SVM,1,0.9384615384615385
ad,PCA,44,SVM,2,0.8615384615384616
ad,PCA,44,XGBoost,0,1.0
ad,PCA,44,XGBoost,1,1.0
ad,PCA,44,XGBoost,2,0.9846153846153847
ad,PCA,45,KNN,0,1.0
ad,PCA,45,KNN,1,1.0
ad,PCA,45,KNN,2,1.0
ad,PCA,45,MLP_(Neural_Network),0,1.0
ad,PCA,45,MLP_(Neural_Network),1,1.0
ad,PCA,45,MLP_(Neural_Network),2,1.0
ad,PCA,45,SVM,0,0.8615384615384616
ad,PCA,45,SVM,1,0.9538461538461539
ad,PCA,45,SVM,2,0.8769230769230769
ad,PCA,45,XGBoost,0,1.0
ad,PCA,45,XGBoost,1,1.0
ad,PCA,45,XGBoost,2,1.0
ad,PCA,46,KNN,0,1.0
ad,PCA,46,KNN,1,1.0
ad,PCA,46,KNN,2,1.0
ad,PCA,46,MLP_(Neural_Network),0,1.0
ad,PCA,46,MLP_(Neural_Network),1,1.0
ad,PCA,46,MLP_(Neural_Network),2,1.0
ad,PCA,46,SVM,0,0.8923076923076924
ad,PCA,46,SVM,1,0.9538461538461539
ad,PCA,46,SVM,2,0.8615384615384616
ad,PCA,46,XGBoost,0,1.0
ad,PCA,46,XGBoost,1,1.0
ad,PCA,46,XGBoost,2,1.0
ad,PCA,47,KNN,0,1.0
ad,PCA,47,KNN,1,1.0
ad,PCA,47,KNN,2,1.0
ad,PCA,47,MLP_(Neural_Network),0,1.0
ad,PCA,47,MLP_(Neural_Network),1,1.0
ad,PCA,47,MLP_(Neural_Network),2,1.0
ad,PCA,47,SVM,0,0.8769230769230769
ad,PCA,47,SVM,1,0.8923076923076924
ad,PCA,47,SVM,2,0.9538461538461539
ad,PCA,47,XGBoost,0,1.0
ad,PCA,47,XGBoost,1,1.0
ad,PCA,47,XGBoost,2,1.0
ad,PCA,48,KNN,0,1.0
ad,PCA,48,KNN,1,1.0
ad,PCA,48,KNN,2,1.0
ad,PCA,48,MLP_(Neural_Network),0,1.0
ad,PCA,48,MLP_(Neural_Network),1,1.0
ad,PCA,48,MLP_(Neural_Network),2,1.0
ad,PCA,48,SVM,0,0.9692307692307692
ad,PCA,48,SVM,1,0.9076923076923077
ad,PCA,48,SVM,2,0.9076923076923077
ad,PCA,48,XGBoost,0,1.0
ad,PCA,48,XGBoost,1,1.0
ad,PCA,48,XGBoost,2,1.0
ad,PCA,49,KNN,0,1.0
ad,PCA,49,KNN,1,1.0
ad,PCA,49,KNN,2,1.0
ad,PCA,49,MLP_(Neural_Network),0,1.0
ad,PCA,49,MLP_(Neural_Network),1,1.0
ad,PCA,49,MLP_(Neural_Network),2,1.0
ad,PCA,49,SVM,0,0.8769230769230769
ad,PCA,49,SVM,1,0.9692307692307692
ad,PCA,49,SVM,2,0.8615384615384616
ad,PCA,49,XGBoost,0,1.0
ad,PCA,49,XGBoost,1,1.0
ad,PCA,49,XGBoost,2,1.0
ad,PCA,50,KNN,0,1.0
ad,PCA,50,KNN,1,1.0
ad,PCA,50,KNN,2,1.0
ad,PCA,50,MLP_(Neural_Network),0,1.0
ad,PCA,50,MLP_(Neural_Network),1,1.0
ad,PCA,50,MLP_(Neural_Network),2,1.0
ad,PCA,50,SVM,0,0.8923076923076924
ad,PCA,50,SVM,1,0.8769230769230769
ad,PCA,50,SVM,2,0.9538461538461539
ad,PCA,50,XGBoost,0,1.0
ad,PCA,50,XGBoost,1,1.0
ad,PCA,50,XGBoost,2,1.0
ad,PCA,51,KNN,0,1.0
ad,PCA,51,KNN,1,1.0
ad,PCA,51,KNN,2,1.0
ad,PCA,51,MLP_(Neural_Network),0,1.0
ad,PCA,51,MLP_(Neural_Network),1,1.0
ad,PCA,51,MLP_(Neural_Network),2,1.0
ad,PCA,51,SVM,0,0.9692307692307692
ad,PCA,51,SVM,1,0.8923076923076924
ad,PCA,51,SVM,2,0.8769230769230769
ad,PCA,51,XGBoost,0,1.0
ad,PCA,51,XGBoost,1,1.0
ad,PCA,51,XGBoost,2,1.0
ftd,ANOVA,42,KNN,0,0.9423076923076923
ftd,ANOVA,42,KNN,1,0.9807692307692307
ftd,ANOVA,42,KNN,2,0.9230769230769231
ftd,ANOVA,42,MLP_(Neural_Network),0,0.8076923076923077
ftd,ANOVA,42,MLP_(Neural_Network),1,0.9423076923076923
ftd,ANOVA,42,MLP_(Neural_Network),2,0.9230769230769231
ftd,ANOVA,42,SVM,0,0.5769230769230769
ftd,ANOVA,42,SVM,1,0.5576923076923077
ftd,ANOVA,42,SVM,2,0.8461538461538461
ftd,ANOVA,42,XGBoost,0,1.0
ftd,ANOVA,42,XGBoost,1,1.0
ftd,ANOVA,42,XGBoost,2,1.0
ftd,ANOVA,43,KNN,0,0.9423076923076923
ftd,ANOVA,43,KNN,1,0.9423076923076923
ftd,ANOVA,43,KNN,2,0.9807692307692307
ftd,ANOVA,43,MLP_(Neural_Network),0,0.8076923076923077
ftd,ANOVA,43,MLP_(Neural_Network),1,0.9615384615384616
ftd,ANOVA,43,MLP_(Neural_Network),2,0.9423076923076923
ftd,ANOVA,43,SVM,0,0.5769230769230769
ftd,ANOVA,43,SVM,1,0.5576923076923077
ftd,ANOVA,43,SVM,2,0.8269230769230769
ftd,ANOVA,43,XGBoost,0,0.9807692307692307
ftd,ANOVA,43,XGBoost,1,1.0
ftd,ANOVA,43,XGBoost,2,0.9807692307692307
ftd,ANOVA,44,KNN,0,0.9230769230769231
ftd,ANOVA,44,KNN,1,0.9807692307692307
ftd,ANOVA,44,KNN,2,0.9423076923076923
ftd,ANOVA,44,MLP_(Neural_Network),0,0.9807692307692307
ftd,ANOVA,44,MLP_(Neural_Network),1,0.8269230769230769
ftd,ANOVA,44,MLP_(Neural_Network),2,0.8269230769230769
ftd,ANOVA,44,SVM,0,0.5576923076923077
ftd,ANOVA,44,SVM,1,0.8653846153846154
ftd,ANOVA,44,SVM,2,0.5769230769230769
ftd,ANOVA,44,XGBoost,0,1.0
ftd,ANOVA,44,XGBoost,1,0.9807692307692307
ftd,ANOVA,44,XGBoost,2,0.9807692307692307
ftd,ANOVA,45,KNN,0,0.9807692307692307
ftd,ANOVA,45,KNN,1,0.9230769230769231
ftd,ANOVA,45,KNN,2,0.9423076923076923
ftd,ANOVA,45,MLP_(Neural_Network),0,0.8846153846153846
ftd,ANOVA,45,MLP_(Neural_Network),1,0.9807692307692307
ftd,ANOVA,45,MLP_(Neural_Network),2,0.9423076923076923
ftd,ANOVA,45,SVM,0,0.5769230769230769
ftd,ANOVA,45,SVM,1,0.5576923076923077
ftd,ANOVA,45,SVM,2,0.8461538461538461
ftd,ANOVA,45,XGBoost,0,0.9807692307692307
ftd,ANOVA,45,XGBoost,1,1.0
ftd,ANOVA,45,XGBoost,2,1.0
ftd,ANOVA,46,KNN,0,0.9423076923076923
ftd,ANOVA,46,KNN,1,0.9807692307692307
ftd,ANOVA,46,KNN,2,0.9230769230769231
ftd,ANOVA,46,MLP_(Neural_Network),0,0.8269230769230769
ftd,ANOVA,46,MLP_(Neural_Network),1,0.8461538461538461
ftd,ANOVA,46,MLP_(Neural_Network),2,0.9423076923076923
ftd,ANOVA,46,SVM,0,0.5769230769230769
ftd,ANOVA,46,SVM,1,0.8653846153846154
ftd,ANOVA,46,SVM,2,0.5576923076923077
ftd,ANOVA,46,XGBoost,0,1.0
ftd,ANOVA,46,XGBoost,1,1.0
ftd,ANOVA,46,XGBoost,2,1.0
ftd,ANOVA,47,KNN,0,0.9230769230769231
ftd,ANOVA,47,KNN,1,0.9423076923076923
ftd,ANOVA,47,KNN,2,1.0
ftd,ANOVA,47,MLP_(Neural_Network),0,0.9807692307692307
ftd,ANOVA,47,MLP_(Neural_Network),1,0.8846153846153846
ftd,ANOVA,47,MLP_(Neural_Network),2,0.9230769230769231
ftd,ANOVA,47,SVM,0,0.5769230769230769
ftd,ANOVA,47,SVM,1,0.5576923076923077
ftd,ANOVA,47,SVM,2,0.8461538461538461
ftd,ANOVA,47,XGBoost,0,0.9807692307692307
ftd,ANOVA,47,XGBoost,1,1.0
ftd,ANOVA,47,XGBoost,2,1.0
ftd,ANOVA,48,KNN,0,1.0
ftd,ANOVA,48,KNN,1,0.9423076923076923
ftd,ANOVA,48,KNN,2,0.9423076923076923
ftd,ANOVA,48,MLP_(Neural_Network),0,0.9423076923076923
ftd,ANOVA,48,MLP_(Neural_Network),1,0.9423076923076923
ftd,ANOVA,48,MLP_(Neural_Network),2,0.8076923076923077
ftd,ANOVA,48,SVM,0,0.5576923076923077
ftd,ANOVA,48,SVM,1,0.5769230769230769
ftd,ANOVA,48,SVM,2,0.8269230769230769
ftd,ANOVA,48,XGBoost,0,1.0
ftd,ANOVA,48,XGBoost,1,0.9807692307692307
ftd,ANOVA,48,XGBoost,2,1.0
ftd,ANOVA,49,KNN,0,0.9423076923076923
ftd,ANOVA,49,KNN,1,0.9423076923076923
ftd,ANOVA,49,KNN,2,0.9615384615384616
ftd,ANOVA,49,MLP_(Neural_Network),0,0.7692307692307693
ftd,ANOVA,49,MLP_(Neural_Network),1,0.9807692307692307
ftd,ANOVA,49,MLP_(Neural_Network),2,0.9615384615384616
ftd,ANOVA,49,SVM,0,0.8653846153846154
ftd,ANOVA,49,SVM,1,0.5769230769230769
ftd,ANOVA,49,SVM,2,0.5576923076923077
ftd,ANOVA,49,XGBoost,0,0.9615384615384616
ftd,ANOVA,49,XGBoost,1,1.0
ftd,ANOVA,49,XGBoost,2,0.9807692307692307
ftd,ANOVA,50,KNN,0,0.9615384615384616
ftd,ANOVA,50,KNN,1,0.9230769230769231
ftd,ANOVA,50,KNN,2,1.0
ftd,ANOVA,50,MLP_(Neural_Network),0,0.9423076923076923
ftd,ANOVA,50,MLP_(Neural_Network),1,0.9423076923076923
ftd,ANOVA,50,MLP_(Neural_Network),2,0.8076923076923077
ftd,ANOVA,50,SVM,0,0.5769230769230769
ftd,ANOVA,50,SVM,1,0.8846153846153846
ftd,ANOVA,50,SVM,2,0.5576923076923077
ftd,ANOVA,50,XGBoost,0,1.0
ftd,ANOVA,50,XGBoost,1,1.0
ftd,ANOVA,50,XGBoost,2,1.0
ftd,ANOVA,51,KNN,0,0.9423076923076923
ftd,ANOVA,51,KNN,1,0.9230769230769231
ftd,ANOVA,51,KNN,2,0.9807692307692307
ftd,ANOVA,51,MLP_(Neural_Network),0,0.9807692307692307
ftd,ANOVA,51,MLP_(Neural_Network),1,0.9230769230769231
ftd,ANOVA,51,MLP_(Neural_Network),2,0.8653846153846154
ftd,ANOVA,51,SVM,0,0.5576923076923077
ftd,ANOVA,51,SVM,1,0.5769230769230769
ftd,ANOVA,51,SVM,2,0.8269230769230769
ftd,ANOVA,51,XGBoost,0,1.0
ftd,ANOVA,51,XGBoost,1,1.0
ftd,ANOVA,51,XGBoost,2,1.0
ftd,PCA,42,KNN,0,0.9615384615384616
ftd,PCA,42,KNN,1,0.9807692307692307
ftd,PCA,42,KNN,2,0.9423076923076923
ftd,PCA,42,MLP_(Neural_Network),0,1.0
ftd,PCA,42,MLP_(Neural_Network),1,1.0
ftd,PCA,42,MLP_(Neural_Network),2,1.0
ftd,PCA,42,SVM,0,0.75
ftd,PCA,42,SVM,1,0.8269230769230769
ftd,PCA,42,SVM,2,0.8653846153846154
ftd,PCA,42,XGBoost,0,1.0
ftd,PCA,42,XGBoost,1,1.0
ftd,PCA,42,XGBoost,2,0.9615384615384616
ftd,PCA,43,KNN,0,0.9230769230769231
ftd,PCA,43,KNN,1,1.0
ftd,PCA,43,KNN,2,0.9423076923076923
ftd,PCA,43,MLP_(Neural_Network),0,1.0
ftd,PCA,43,MLP_(Neural_Network),1,1.0
ftd,PCA,43,MLP_(Neural_Network),2,1.0
ftd,PCA,43,SVM,0,0.7307692307692307
ftd,PCA,43,SVM,1,0.8846153846153846
ftd,PCA,43,SVM,2,0.8269230769230769
ftd,PCA,43,XGBoost,0,1.0
ftd,PCA,43,XGBoost,1,1.0
ftd,PCA,43,XGBoost,2,1.0
ftd,PCA,44,KNN,0,0.9807692307692307
ftd,PCA,44,KNN,1,0.9423076923076923
ftd,PCA,44,KNN,2,0.9423076923076923
ftd,PCA,44,MLP_(Neural_Network),0,1.0
ftd,PCA,44,MLP_(Neural_Network),1,1.0
ftd,PCA,44,MLP_(Neural_Network),2,1.0
ftd,PCA,44,SVM,0,0.9038461538461539
ftd,PCA,44,SVM,1,0.8076923076923077
ftd,PCA,44,SVM,2,0.7307692307692307
ftd,PCA,44,XGBoost,0,0.9807692307692307
ftd,PCA,44,XGBoost,1,0.9807692307692307
ftd,PCA,44,XGBoost,2,0.9807692307692307
ftd,PCA,45,KNN,0,0.9423076923076923
ftd,PCA,45,KNN,1,0.9807692307692307
ftd,PCA,45,KNN,2,1.0
ftd,PCA,45,MLP_(Neural_Network),0,1.0
ftd,PCA,45,MLP_(Neural_Network),1,1.0
ftd,PCA,45,MLP_(Neural_Network),2,1.0
ftd,PCA,45,SVM,0,0.7115384615384616
ftd,PCA,45,SVM,1,0.8076923076923077
ftd,PCA,45,SVM,2,0.8846153846153846
ftd,PCA,45,XGBoost,0,1.0
ftd,PCA,45,XGBoost,1,0.9807692307692307
ftd,PCA,45,XGBoost,2,0.9615384615384616
ftd,PCA,46,KNN,0,1.0
ftd,PCA,46,KNN,1,0.9807692307692307
ftd,PCA,46,KNN,2,0.9423076923076923
ftd,PCA,46,MLP_(Neural_Network),0,1.0
ftd,PCA,46,MLP_(Neural_Network),1,1.0
ftd,PCA,46,MLP_(Neural_Network),2,1.0
ftd,PCA,46,SVM,0,0.8846153846153846
ftd,PCA,46,SVM,1,0.7307692307692307
ftd,PCA,46,SVM,2,0.7884615384615384
ftd,PCA,46,XGBoost,0,0.9807692307692307
ftd,PCA,46,XGBoost,1,1.0
ftd,PCA,46,XGBoost,2,1.0
ftd,PCA,47,KNN,0,1.0
ftd,PCA,47,KNN,1,0.9423076923076923
ftd,PCA,47,KNN,2,0.9615384615384616
ftd,PCA,47,MLP_(Neural_Network),0,1.0
ftd,PCA,47,MLP_(Neural_Network),1,1.0
ftd,PCA,47,MLP_(Neural_Network),2,1.0
ftd,PCA,47,SVM,0,0.7884615384615384
ftd,PCA,47,SVM,1,0.75
ftd,PCA,47,SVM,2,0.9038461538461539
ftd,PCA,47,XGBoost,0,1.0
ftd,PCA,47,XGBoost,1,0.9615384615384616
ftd,PCA,47,XGBoost,2,0.9807692307692307
ftd,PCA,48,KNN,0,0.9423076923076923
ftd,PCA,48,KNN,1,0.9423076923076923
ftd,PCA,48,KNN,2,1.0
ftd,PCA,48,MLP_(Neural_Network),0,1.0
ftd,PCA,48,MLP_(Neural_Network),1,1.0
ftd,PCA,48,MLP_(Neural_Network),2,1.0
ftd,PCA,48,SVM,0,0.8846153846153846
ftd,PCA,48,SVM,1,0.8269230769230769
ftd,PCA,48,SVM,2,0.7307692307692307
ftd,PCA,48,XGBoost,0,0.9807692307692307
ftd,PCA,48,XGBoost,1,0.9807692307692307
ftd,PCA,48,XGBoost,2,1.0
ftd,PCA,49,KNN,0,0.9423076923076923
ftd,PCA,49,KNN,1,0.9807692307692307
ftd,PCA,49,KNN,2,1.0
ftd,PCA,49,MLP_(Neural_Network),0,1.0
ftd,PCA,49,MLP_(Neural_Network),1,1.0
ftd,PCA,49,MLP_(Neural_Network),2,1.0
ftd,PCA,49,SVM,0,0.8846153846153846
ftd,PCA,49,SVM,1,0.7307692307692307
ftd,PCA,49,SVM,2,0.8461538461538461
ftd,PCA,49,XGBoost,0,1.0
ftd,PCA,49,XGBoost,1,0.9615384615384616
ftd,PCA,49,XGBoost,2,0.9807692307692307
ftd,PCA,50,KNN,0,0.9615384615384616
ftd,PCA,50,KNN,1,0.9807692307692307
ftd,PCA,50,KNN,2,1.0
ftd,PCA,50,MLP_(Neural_Network),0,1.0
ftd,PCA,50,MLP_(Neural_Network),1,1.0
ftd,PCA,50,MLP_(Neural_Network),2,1.0
ftd,PCA,50,SVM,0,0.8269230769230769
ftd,PCA,50,SVM,1,0.7115384615384616
ftd,PCA,50,SVM,2,0.9038461538461539
ftd,PCA,50,XGBoost,0,1.0
ftd,PCA,50,XGBoost,1,1.0
ftd,PCA,50,XGBoost,2,1.0
ftd,PCA,51,KNN,0,0.9615384615384616
ftd,PCA,51,KNN,1,1.0
ftd,PCA,51,KNN,2,0.9423076923076923
ftd,PCA,51,MLP_(Neural_Network),0,1.0
ftd,PCA,51,MLP_(Neural_Network),1,1.0
ftd,PCA,51,MLP_(Neural_Network),2,1.0
ftd,PCA,51,SVM,0,0.8076923076923077
ftd,PCA,51,SVM,1,0.7115384615384616
ftd,PCA,51,SVM,2,0.8846153846153846
ftd,PCA,51,XGBoost,0,0.9807692307692307
ftd,PCA,51,XGBoost,1,1.0
ftd,PCA,51,XGBoost,2,1.0
mdd_ec,ANOVA,42,KNN,0,1.0
mdd_ec,ANOVA,42,KNN,1,0.9642857142857143
mdd_ec,ANOVA,42,KNN,2,0.9821428571428571
mdd_ec,ANOVA,42,MLP_(Neural_Network),0,0.9821428571428571
mdd_ec,ANOVA,42,MLP_(Neural_Network),1,1.0
mdd_ec,ANOVA,42,MLP_(Neural_Network),2,1.0
mdd_ec,ANOVA,42,SVM,0,0.9464285714285714
mdd_ec,ANOVA,42,SVM,1,0.8392857142857143
mdd_ec,ANOVA,42,SVM,2,0.9107142857142857
mdd_ec,ANOVA,42,XGBoost,0,1.0
mdd_ec,ANOVA,42,XGBoost,1,1.0
mdd_ec,ANOVA,42,XGBoost,2,1.0
mdd_ec,ANOVA,43,KNN,0,0.9821428571428571
mdd_ec,ANOVA,43,KNN,1,1.0
mdd_ec,ANOVA,43,KNN,2,0.9821428571428571
mdd_ec,ANOVA,43,MLP_(Neural_Network),0,1.0
mdd_ec,ANOVA,43,MLP_(Neural_Network),1,1.0
mdd_ec,ANOVA,43,MLP_(Neural_Network),2,1.0
mdd_ec,ANOVA,43,SVM,0,0.9107142857142857
mdd_ec,ANOVA,43,SVM,1,0.9464285714285714
mdd_ec,ANOVA,43,SVM,2,0.8392857142857143
mdd_ec,ANOVA,43,XGBoost,0,1.0
mdd_ec,ANOVA,43,XGBoost,1,1.0
mdd_ec,ANOVA,43,XGBoost,2,1.0
mdd_ec,ANOVA,44,KNN,0,0.9821428571428571
mdd_ec,ANOVA,44,KNN,1,0.9821428571428571
mdd_ec,ANOVA,44,KNN,2,0.9642857142857143
mdd_ec,ANOVA,44,MLP_(Neural_Network),0,1.0
mdd_ec,ANOVA,44,MLP_(Neural_Network),1,1.0
mdd_ec,ANOVA,44,MLP_(Neural_Network),2,1.0
mdd_ec,ANOVA,44,SVM,0,0.8392857142857143
mdd_ec,ANOVA,44,SVM,1,0.9464285714285714
mdd_ec,ANOVA,44,SVM,2,0.9642857142857143
mdd_ec,ANOVA,44,XGBoost,0,1.0
mdd_ec,ANOVA,44,XGBoost,1,1.0
mdd_ec,ANOVA,44,XGBoost,2,1.0
mdd_ec,ANOVA,45,KNN,0,0.9821428571428571
mdd_ec,ANOVA,45,KNN,1,0.9821428571428571
mdd_ec,ANOVA,45,KNN,2,0.9821428571428571
mdd_ec,ANOVA,45,MLP_(Neural_Network),0,1.0
mdd_ec,ANOVA,45,MLP_(Neural_Network),1,1.0
mdd_ec,ANOVA,45,MLP_(Neural_Network),2,1.0
mdd_ec,ANOVA,45,SVM,0,0.9107142857142857
mdd_ec,ANOVA,45,SVM,1,0.8571428571428571
mdd_ec,ANOVA,45,SVM,2,0.9464285714285714
mdd_ec,ANOVA,45,XGBoost,0,1.0
mdd_ec,ANOVA,45,XGBoost,1,1.0
mdd_ec,ANOVA,45,XGBoost,2,1.0
mdd_ec,ANOVA,46,KNN,0,0.9821428571428571
mdd_ec,ANOVA,46,KNN,1,0.9821428571428571
mdd_ec,ANOVA,46,KNN,2,0.9821428571428571
mdd_ec,ANOVA,46,MLP_(Neural_Network),0,1.0
mdd_ec,ANOVA,46,MLP_(Neural_Network),1,1.0
mdd_ec,ANOVA,46,MLP_(Neural_Network),2,1.0
mdd_ec,ANOVA,46,SVM,0,0.9107142857142857
mdd_ec,ANOVA,46,SVM,1,0.9285714285714286
mdd_ec,ANOVA,46,SVM,2,0.8392857142857143
mdd_ec,ANOVA,46,XGBoost,0,1.0
mdd_ec,ANOVA,46,XGBoost,1,1.0
mdd_ec,ANOVA,46,XGBoost,2,1.0
mdd_ec,ANOVA,47,KNN,0,0.9821428571428571
mdd_ec,ANOVA,47,KNN,1,0.9821428571428571
mdd_ec,ANOVA,47,KNN,2,0.9821428571428571
mdd_ec,ANOVA,47,MLP_(Neural_Network),0,1.0
mdd_ec,ANOVA,47,MLP_(Neural_Network),1,1.0
mdd_ec,ANOVA,47,MLP_(Neural_Network),2,1.0
mdd_ec,ANOVA,47,SVM,0,0.9642857142857143
mdd_ec,ANOVA,47,SVM,1,0.8392857142857143
mdd_ec,ANOVA,47,SVM,2,0.8928571428571429
mdd_ec,ANOVA,47,XGBoost,0,1.0
mdd_ec,ANOVA,47,XGBoost,1,1.0
mdd_ec,ANOVA,47,XGBoost,2,1.0
mdd_ec,ANOVA,48,KNN,0,0.9821428571428571
mdd_ec,ANOVA,48,KNN,1,0.9821428571428571
mdd_ec,ANOVA,48,KNN,2,0.9821428571428571
mdd_ec,ANOVA,48,MLP_(Neural_Network),0,1.0
mdd_ec,ANOVA,48,MLP_(Neural_Network),1,1.0
mdd_ec,ANOVA,48,MLP_(Neural_Network),2,1.0
mdd_ec,ANOVA,48,SVM,0,0.8571428571428571
mdd_ec,ANOVA,48,SVM,1,0.875
mdd_ec,ANOVA,48,SVM,2,0.9642857142857143
mdd_ec,ANOVA,48,XGBoost,0,1.0
mdd_ec,ANOVA,48,XGBoost,1,1.0
mdd_ec,ANOVA,48,XGBoost,2,1.0
mdd_ec,ANOVA,49,KNN,0,0.9821428571428571
mdd_ec,ANOVA,49,KNN,1,0.9821428571428571
mdd_ec,ANOVA,49,KNN,2,0.9821428571428571
mdd_ec,ANOVA,49,MLP_(Neural_Network),0,1.0
mdd_ec,ANOVA,49,MLP_(Neural_Network),1,1.0
mdd_ec,ANOVA,49,MLP_(Neural_Network),2,1.0
mdd_ec,ANOVA,49,SVM,0,0.8571428571428571
mdd_ec,ANOVA,49,SVM,1,0.9285714285714286
mdd_ec,ANOVA,49,SVM,2,0.9107142857142857
mdd_ec,ANOVA,49,XGBoost,0,1.0
mdd_ec,ANOVA,49,XGBoost,1,1.0
mdd_ec,ANOVA,49,XGBoost,2,1.0
mdd_ec,ANOVA,50,KNN,0,0.9821428571428571
mdd_ec,ANOVA,50,KNN,1,0.9642857142857143
mdd_ec,ANOVA,50,KNN,2,0.9821428571428571
mdd_ec,ANOVA,50,MLP_(Neural_Network),0,1.0
mdd_ec,ANOVA,50,MLP_(Neural_Network),1,1.0
mdd_ec,ANOVA,50,MLP_(Neural_Network),2,0.9821428571428571
mdd_ec,ANOVA,50,SVM,0,0.9107142857142857
mdd_ec,ANOVA,50,SVM,1,0.9464285714285714
mdd_ec,ANOVA,50,SVM,2,0.8392857142857143
mdd_ec,ANOVA,50,XGBoost,0,1.0
mdd_ec,ANOVA,50,XGBoost,1,1.0
mdd_ec,ANOVA,50,XGBoost,2,1.0
mdd_ec,ANOVA,51,KNN,0,0.9642857142857143
mdd_ec,ANOVA,51,KNN,1,0.9821428571428571
mdd_ec,ANOVA,51,KNN,2,0.9821428571428571
mdd_ec,ANOVA,51,MLP_(Neural_Network),0,1.0
mdd_ec,ANOVA,51,MLP_(Neural_Network),1,1.0
mdd_ec,ANOVA,51,MLP_(Neural_Network),2,1.0
mdd_ec,ANOVA,51,SVM,0,0.8392857142857143
mdd_ec,ANOVA,51,SVM,1,0.9642857142857143
mdd_ec,ANOVA,51,SVM,2,0.9107142857142857
mdd_ec,ANOVA,51,XGBoost,0,1.0
mdd_ec,ANOVA,51,XGBoost,1,1.0
mdd_ec,ANOVA,51,XGBoost,2,1.0
mdd_ec,PCA,42,KNN,0,0.9642857142857143
mdd_ec,PCA,42,KNN,1,0.9464285714285714
mdd_ec,PCA,42,KNN,2,0.9642857142857143
mdd_ec,PCA,42,MLP_(Neural_Network),0,1.0
mdd_ec,PCA,42,MLP_(Neural_Network),1,1.0
mdd_ec,PCA,42,MLP_(Neural_Network),2,1.0
mdd_ec,PCA,42,SVM,0,0.9821428571428571
mdd_ec,PCA,42,SVM,1,0.9464285714285714
mdd_ec,PCA,42,SVM,2,0.9107142857142857
mdd_ec,PCA,42,XGBoost,0,1.0
mdd_ec,PCA,42,XGBoost,1,1.0
mdd_ec,PCA,42,XGBoost,2,1.0
mdd_ec,PCA,43,KNN,0,0.9821428571428571
mdd_ec,PCA,43,KNN,1,0.9821428571428571
mdd_ec,PCA,43,KNN,2,0.9821428571428571
mdd_ec,PCA,43,MLP_(Neural_Network),0,1.0
mdd_ec,PCA,43,MLP_(Neural_Network),1,1.0
mdd_ec,PCA,43,MLP_(Neural_Network),2,1.0
mdd_ec,PCA,43,SVM,0,1.0
mdd_ec,PCA,43,SVM,1,0.9107142857142857
mdd_ec,PCA,43,SVM,2,0.9821428571428571
mdd_ec,PCA,43,XGBoost,0,1.0
mdd_ec,PCA,43,XGBoost,1,0.9821428571428571
mdd_ec,PCA,43,XGBoost,2,1.0
mdd_ec,PCA,44,KNN,0,0.9821428571428571
mdd_ec,PCA,44,KNN,1,0.9821428571428571
mdd_ec,PCA,44,KNN,2,0.9821428571428571
mdd_ec,PCA,44,MLP_(Neural_Network),0,1.0
mdd_ec,PCA,44,MLP_(Neural_Network),1,1.0
mdd_ec,PCA,44,MLP_(Neural_Network),2,1.0
mdd_ec,PCA,44,SVM,0,0.9821428571428571
mdd_ec,PCA,44,SVM,1,0.8928571428571429
mdd_ec,PCA,44,SVM,2,1.0
mdd_ec,PCA,44,XGBoost,0,1.0
mdd_ec,PCA,44,XGBoost,1,0.9821428571428571
mdd_ec,PCA,44,XGBoost,2,1.0
mdd_ec,PCA,45,KNN,0,0.9821428571428571
mdd_ec,PCA,45,KNN,1,0.9821428571428571
mdd_ec,PCA,45,KNN,2,0.9821428571428571
mdd_ec,PCA,45,MLP_(Neural_Network),0,1.0
mdd_ec,PCA,45,MLP_(Neural_Network),1,1.0
mdd_ec,PCA,45,MLP_(Neural_Network),2,1.0
mdd_ec,PCA,45,SVM,0,1.0
mdd_ec,PCA,45,SVM,1,0.9821428571428571
mdd_ec,PCA,45,SVM,2,0.875
mdd_ec,PCA,45,XGBoost,0,1.0
mdd_ec,PCA,45,XGBoost,1,1.0
mdd_ec,PCA,45,XGBoost,2,1.0
mdd_ec,PCA,46,KNN,0,0.9821428571428571
mdd_ec,PCA,46,KNN,1,0.9821428571428571
mdd_ec,PCA,46,KNN,2,0.9642857142857143
mdd_ec,PCA,46,MLP_(Neural_Network),0,1.0
mdd_ec,PCA,46,MLP_(Neural_Network),1,1.0
mdd_ec,PCA,46,MLP_(Neural_Network),2,1.0
mdd_ec,PCA,46,SVM,0,0.9821428571428571
mdd_ec,PCA,46,SVM,1,0.9107142857142857
mdd_ec,PCA,46,SVM,2,0.9821428571428571
mdd_ec,PCA,46,XGBoost,0,1.0
mdd_ec,PCA,46,XGBoost,1,1.0
mdd_ec,PCA,46,XGBoost,2,1.0
mdd_ec,PCA,47,KNN,0,0.9821428571428571
mdd_ec,PCA,47,KNN,1,0.9821428571428571
mdd_ec,PCA,47,KNN,2,0.9821428571428571
mdd_ec,PCA,47,MLP_(Neural_Network),0,1.0
mdd_ec,PCA,47,MLP_(Neural_Network),1,1.0
mdd_ec,PCA,47,MLP_(Neural_Network),2,1.0
mdd_ec,PCA,47,SVM,0,1.0
mdd_ec,PCA,47,SVM,1,0.9642857142857143
mdd_ec,PCA,47,SVM,2,0.8928571428571429
mdd_ec,PCA,47,XGBoost,0,1.0
mdd_ec,PCA,47,XGBoost,1,1.0
mdd_ec,PCA,47,XGBoost,2,1.0
mdd_ec,PCA,48,KNN,0,0.9821428571428571
mdd_ec,PCA,48,KNN,1,0.9821428571428571
mdd_ec,PCA,48,KNN,2,0.9821428571428571
mdd_ec,PCA,48,MLP_(Neural_Network),0,1.0
mdd_ec,PCA,48,MLP_(Neural_Network),1,1.0
mdd_ec,PCA,48,MLP_(Neural_Network),2,1.0
mdd_ec,PCA,48,SVM,0,1.0
mdd_ec,PCA,48,SVM,1,0.9107142857142857
mdd_ec,PCA,48,SVM,2,0.9642857142857143
mdd_ec,PCA,48,XGBoost,0,1.0
mdd_ec,PCA,48,XGBoost,1,1.0
mdd_ec,PCA,48,XGBoost,2,0.9821428571428571
mdd_ec,PCA,49,KNN,0,0.9821428571428571
mdd_ec,PCA,49,KNN,1,0.9821428571428571
mdd_ec,PCA,49,KNN,2,0.9821428571428571
mdd_ec,PCA,49,MLP_(Neural_Network),0,1.0
mdd_ec,PCA,49,MLP_(Neural_Network),1,1.0
mdd_ec,PCA,49,MLP_(Neural_Network),2,1.0
mdd_ec,PCA,49,SVM,0,0.9821428571428571
mdd_ec,PCA,49,SVM,1,0.875
mdd_ec,PCA,49,SVM,2,0.9821428571428571
mdd_ec,PCA,49,XGBoost,0,1.0
mdd_ec,PCA,49,XGBoost,1,1.0
mdd_ec,PCA,49,XGBoost,2,1.0
mdd_ec,PCA,50,KNN,0,0.9821428571428571
mdd_ec,PCA,50,KNN,1,0.9642857142857143
mdd_ec,PCA,50,KNN,2,0.9642857142857143
mdd_ec,PCA,50,MLP_(Neural_Network),0,1.0
mdd_ec,PCA,50,MLP_(Neural_Network),1,1.0
mdd_ec,PCA,50,MLP_(Neural_Network),2,1.0
mdd_ec,PCA,50,SVM,0,0.9821428571428571
mdd_ec,PCA,50,SVM,1,1.0
mdd_ec,PCA,50,SVM,2,0.9285714285714286
mdd_ec,PCA,50,XGBoost,0,1.0
mdd_ec,PCA,50,XGBoost,1,1.0
mdd_ec,PCA,50,XGBoost,2,1.0
mdd_ec,PCA,51,KNN,0,0.9821428571428571
mdd_ec,PCA,51,KNN,1,0.9821428571428571
mdd_ec,PCA,51,KNN,2,0.9821428571428571
mdd_ec,PCA,51,MLP_(Neural_Network),0,1.0
mdd_ec,PCA,51,MLP_(Neural_Network),1,1.0
mdd_ec,PCA,51,MLP_(Neural_Network),2,1.0
mdd_ec,PCA,51,SVM,0,0.9821428571428571
mdd_ec,PCA,51,SVM,1,0.9821428571428571
mdd_ec,PCA,51,SVM,2,0.875
mdd_ec,PCA,51,XGBoost,0,1.0
mdd_ec,PCA,51,XGBoost,1,1.0
mdd_ec,PCA,51,XGBoost,2,1.0
mdd_eo,ANOVA,42,KNN,0,0.9152542372881356
mdd_eo,ANOVA,42,KNN,1,0.9322033898305084
mdd_eo,ANOVA,42,KNN,2,0.9661016949152542
mdd_eo,ANOVA,42,MLP_(Neural_Network),0,1.0
mdd_eo,ANOVA,42,MLP_(Neural_Network),1,1.0
mdd_eo,ANOVA,42,MLP_(Neural_Network),2,0.9661016949152542
mdd_eo,ANOVA,42,SVM,0,0.847457627118644
mdd_eo,ANOVA,42,SVM,1,0.9322033898305084
mdd_eo,ANOVA,42,SVM,2,0.7288135593220338
mdd_eo,ANOVA,42,XGBoost,0,1.0
mdd_eo,ANOVA,42,XGBoost,1,1.0
mdd_eo,ANOVA,42,XGBoost,2,1.0
mdd_eo,ANOVA,43,KNN,0,0.9322033898305084
mdd_eo,ANOVA,43,KNN,1,0.9491525423728814
mdd_eo,ANOVA,43,KNN,2,0.9322033898305084
mdd_eo,ANOVA,43,MLP_(Neural_Network),0,1.0
mdd_eo,ANOVA,43,MLP_(Neural_Network),1,1.0
mdd_eo,ANOVA,43,MLP_(Neural_Network),2,1.0
mdd_eo,ANOVA,43,SVM,0,0.8135593220338984
mdd_eo,ANOVA,43,SVM,1,0.9322033898305084
mdd_eo,ANOVA,43,SVM,2,0.711864406779661
mdd_eo,ANOVA,43,XGBoost,0,1.0
mdd_eo,ANOVA,43,XGBoost,1,1.0
mdd_eo,ANOVA,43,XGBoost,2,1.0
mdd_eo,ANOVA,44,KNN,0,0.9322033898305084
mdd_eo,ANOVA,44,KNN,1,0.9152542372881356
mdd_eo,ANOVA,44,KNN,2,0.9661016949152542
mdd_eo,ANOVA,44,MLP_(Neural_Network),0,1.0
mdd_eo,ANOVA,44,MLP_(Neural_Network),1,1.0
mdd_eo,ANOVA,44,MLP_(Neural_Network),2,1.0
mdd_eo,ANOVA,44,SVM,0,0.711864406779661
mdd_eo,ANOVA,44,SVM,1,0.9491525423728814
mdd_eo,ANOVA,44,SVM,2,0.847457627118644
mdd_eo,ANOVA,44,XGBoost,0,1.0
mdd_eo,ANOVA,44,XGBoost,1,1.0
mdd_eo,ANOVA,44,XGBoost,2,1.0
mdd_eo,ANOVA,45,KNN,0,0.9491525423728814
mdd_eo,ANOVA,45,KNN,1,0.9830508474576272
mdd_eo,ANOVA,45,KNN,2,0.9491525423728814
mdd_eo,ANOVA,45,MLP_(Neural_Network),0,1.0
mdd_eo,ANOVA,45,MLP_(Neural_Network),1,1.0
mdd_eo,ANOVA,45,MLP_(Neural_Network),2,1.0
mdd_eo,ANOVA,45,SVM,0,0.9491525423728814
mdd_eo,ANOVA,45,SVM,1,0.711864406779661
mdd_eo,ANOVA,45,SVM,2,0.847457627118644
mdd_eo,ANOVA,45,XGBoost,0,1.0
mdd_eo,ANOVA,45,XGBoost,1,1.0
mdd_eo,ANOVA,45,XGBoost,2,1.0
mdd_eo,ANOVA,46,KNN,0,0.9152542372881356
mdd_eo,ANOVA,46,KNN,1,0.9322033898305084
mdd_eo,ANOVA,46,KNN,2,0.9830508474576272
mdd_eo,ANOVA,46,MLP_(Neural_Network),0,1.0
mdd_eo,ANOVA,46,MLP_(Neural_Network),1,0.9830508474576272
mdd_eo,ANOVA,46,MLP_(Neural_Network),2,1.0
mdd_eo,ANOVA,46,SVM,0,0.9491525423728814
mdd_eo,ANOVA,46,SVM,1,0.711864406779661
mdd_eo,ANOVA,46,SVM,2,0.8305084745762712
mdd_eo,ANOVA,46,XGBoost,0,1.0
mdd_eo,ANOVA,46,XGBoost,1,1.0
mdd_eo,ANOVA,46,XGBoost,2,1.0
mdd_eo,ANOVA,47,KNN,0,0.9322033898305084
mdd_eo,ANOVA,47,KNN,1,0.9661016949152542
mdd_eo,ANOVA,47,KNN,2,0.9322033898305084
mdd_eo,ANOVA,47,MLP_(Neural_Network),0,1.0
mdd_eo,ANOVA,47,MLP_(Neural_Network),1,1.0
mdd_eo,ANOVA,47,MLP_(Neural_Network),2,1.0
mdd_eo,ANOVA,47,SVM,0,0.7288135593220338
mdd_eo,ANOVA,47,SVM,1,0.9491525423728814
mdd_eo,ANOVA,47,SVM,2,0.847457627118644
mdd_eo,ANOVA,47,XGBoost,0,1.0
mdd_eo,ANOVA,47,XGBoost,1,1.0
mdd_eo,ANOVA,47,XGBoost,2,1.0
mdd_eo,ANOVA,48,KNN,0,0.9661016949152542
mdd_eo,ANOVA,48,KNN,1,0.9322033898305084
mdd_eo,ANOVA,48,KNN,2,0.9661016949152542
mdd_eo,ANOVA,48,MLP_(Neural_Network),0,1.0
mdd_eo,ANOVA,48,MLP_(Neural_Network),1,0.9830508474576272
mdd_eo,ANOVA,48,MLP_(Neural_Network),2,1.0
mdd_eo,ANOVA,48,SVM,0,0.9322033898305084
mdd_eo,ANOVA,48,SVM,1,0.711864406779661
mdd_eo,ANOVA,48,SVM,2,0.8305084745762712
mdd_eo,ANOVA,48,XGBoost,0,1.0
mdd_eo,ANOVA,48,XGBoost,1,1.0
mdd_eo,ANOVA,48,XGBoost,2,1.0
mdd_eo,ANOVA,49,KNN,0,0.9491525423728814
mdd_eo,ANOVA,49,KNN,1,0.9322033898305084
mdd_eo,ANOVA,49,KNN,2,1.0
mdd_eo,ANOVA,49,MLP_(Neural_Network),0,1.0
mdd_eo,ANOVA,49,MLP_(Neural_Network),1,0.9830508474576272
mdd_eo,ANOVA,49,MLP_(Neural_Network),2,1.0
mdd_eo,ANOVA,49,SVM,0,0.9491525423728814
mdd_eo,ANOVA,49,SVM,1,0.8305084745762712
mdd_eo,ANOVA,49,SVM,2,0.7288135593220338
mdd_eo,ANOVA,49,XGBoost,0,1.0
mdd_eo,ANOVA,49,XGBoost,1,1.0
mdd_eo,ANOVA,49,XGBoost,2,1.0
mdd_eo,ANOVA,50,KNN,0,0.9322033898305084
mdd_eo,ANOVA,50,KNN,1,0.9830508474576272
mdd_eo,ANOVA,50,KNN,2,0.9152542372881356
mdd_eo,ANOVA,50,MLP_(Neural_Network),0,0.9830508474576272
mdd_eo,ANOVA,50,MLP_(Neural_Network),1,1.0
mdd_eo,ANOVA,50,MLP_(Neural_Network),2,1.0
mdd_eo,ANOVA,50,SVM,0,0.7457627118644068
mdd_eo,ANOVA,50,SVM,1,0.9491525423728814
mdd_eo,ANOVA,50,SVM,2,0.847457627118644
mdd_eo,ANOVA,50,XGBoost,0,1.0
mdd_eo,ANOVA,50,XGBoost,1,1.0
mdd_eo,ANOVA,50,XGBoost,2,1.0
mdd_eo,ANOVA,51,KNN,0,0.9152542372881356
mdd_eo,ANOVA,51,KNN,1,0.9661016949152542
mdd_eo,ANOVA,51,KNN,2,0.9152542372881356
mdd_eo,ANOVA,51,MLP_(Neural_Network),0,1.0
mdd_eo,ANOVA,51,MLP_(Neural_Network),1,1.0
mdd_eo,ANOVA,51,MLP_(Neural_Network),2,0.9830508474576272
mdd_eo,ANOVA,51,SVM,0,0.8305084745762712
mdd_eo,ANOVA,51,SVM,1,0.9661016949152542
mdd_eo,ANOVA,51,SVM,2,0.711864406779661
mdd_eo,ANOVA,51,XGBoost,0,1.0
mdd_eo,ANOVA,51,XGBoost,1,1.0
mdd_eo,ANOVA,51,XGBoost,2,1.0
mdd_eo,PCA,42,KNN,0,0.9322033898305084
mdd_eo,PCA,42,KNN,1,0.9830508474576272
mdd_eo,PCA,42,KNN,2,0.9322033898305084
mdd_eo,PCA,42,MLP_(Neural_Network),0,1.0
mdd_eo,PCA,42,MLP_(Neural_Network),1,1.0
mdd_eo,PCA,42,MLP_(Neural_Network),2,1.0
mdd_eo,PCA,42,SVM,0,0.9152542372881356
mdd_eo,PCA,42,SVM,1,0.9830508474576272
mdd_eo,PCA,42,SVM,2,0.8813559322033898
mdd_eo,PCA,42,XGBoost,0,1.0
mdd_eo,PCA,42,XGBoost,1,1.0
mdd_eo,PCA,42,XGBoost,2,1.0
mdd_eo,PCA,43,KNN,0,0.9322033898305084
mdd_eo,PCA,43,KNN,1,0.9322033898305084
mdd_eo,PCA,43,KNN,2,0.9661016949152542
mdd_eo,PCA,43,MLP_(Neural_Network),0,1.0
mdd_eo,PCA,43,MLP_(Neural_Network),1,1.0
mdd_eo,PCA,43,MLP_(Neural_Network),2,1.0
mdd_eo,PCA,43,SVM,0,0.9322033898305084
mdd_eo,PCA,43,SVM,1,0.8813559322033898
mdd_eo,PCA,43,SVM,2,1.0
mdd_eo,PCA,43,XGBoost,0,1.0
mdd_eo,PCA,43,XGBoost,1,0.9830508474576272
mdd_eo,PCA,43,XGBoost,2,1.0
mdd_eo,PCA,44,KNN,0,0.9322033898305084
mdd_eo,PCA,44,KNN,1,0.9491525423728814
mdd_eo,PCA,44,KNN,2,0.9661016949152542
mdd_eo,PCA,44,MLP_(Neural_Network),0,1.0
mdd_eo,PCA,44,MLP_(Neural_Network),1,1.0
mdd_eo,PCA,44,MLP_(Neural_Network),2,1.0
mdd_eo,PCA,44,SVM,0,0.8813559322033898
mdd_eo,PCA,44,SVM,1,0.9322033898305084
mdd_eo,PCA,44,SVM,2,1.0
mdd_eo,PCA,44,XGBoost,0,1.0
mdd_eo,PCA,44,XGBoost,1,1.0
mdd_eo,PCA,44,XGBoost,2,1.0
mdd_eo,PCA,45,KNN,0,0.9152542372881356
mdd_eo,PCA,45,KNN,1,0.9152542372881356
mdd_eo,PCA,45,KNN,2,0.9661016949152542
mdd_eo,PCA,45,MLP_(Neural_Network),0,1.0
mdd_eo,PCA,45,MLP_(Neural_Network),1,1.0
mdd_eo,PCA,45,MLP_(Neural_Network),2,1.0
mdd_eo,PCA,45,SVM,0,0.9152542372881356
mdd_eo,PCA,45,SVM,1,0.9491525423728814
mdd_eo,PCA,45,SVM,2,1.0
mdd_eo,PCA,45,XGBoost,0,1.0
mdd_eo,PCA,45,XGBoost,1,1.0
mdd_eo,PCA,45,XGBoost,2,1.0
mdd_eo,PCA,46,KNN,0,0.9152542372881356
mdd_eo,PCA,46,KNN,1,0.9322033898305084
mdd_eo,PCA,46,KNN,2,0.9491525423728814
mdd_eo,PCA,46,MLP_(Neural_Network),0,1.0
mdd_eo,PCA,46,MLP_(Neural_Network),1,1.0
mdd_eo,PCA,46,MLP_(Neural_Network),2,1.0
mdd_eo,PCA,46,SVM,0,0.9152542372881356
mdd_eo,PCA,46,SVM,1,0.8813559322033898
mdd_eo,PCA,46,SVM,2,1.0
mdd_eo,PCA,46,XGBoost,0,1.0
mdd_eo,PCA,46,XGBoost,1,1.0
mdd_eo,PCA,46,XGBoost,2,1.0
mdd_eo,PCA,47,KNN,0,0.9830508474576272
mdd_eo,PCA,47,KNN,1,0.9322033898305084
mdd_eo,PCA,47,KNN,2,0.9491525423728814
mdd_eo,PCA,47,MLP_(Neural_Network),0,1.0
mdd_eo,PCA,47,MLP_(Neural_Network),1,1.0
mdd_eo,PCA,47,MLP_(Neural_Network),2,1.0
mdd_eo,PCA,47,SVM,0,0.9491525423728814
mdd_eo,PCA,47,SVM,1,1.0
mdd_eo,PCA,47,SVM,2,0.8813559322033898
mdd_eo,PCA,47,XGBoost,0,1.0
mdd_eo,PCA,47,XGBoost,1,1.0
mdd_eo,PCA,47,XGBoost,2,1.0
mdd_eo,PCA,48,KNN,0,0.9830508474576272
mdd_eo,PCA,48,KNN,1,0.9491525423728814
mdd_eo,PCA,48,KNN,2,0.9661016949152542
mdd_eo,PCA,48,MLP_(Neural_Network),0,1.0
mdd_eo,PCA,48,MLP_(Neural_Network),1,1.0
mdd_eo,PCA,48,MLP_(Neural_Network),2,1.0
mdd_eo,PCA,48,SVM,0,0.9491525423728814
mdd_eo,PCA,48,SVM,1,0.864406779661017
mdd_eo,PCA,48,SVM,2,0.9830508474576272
mdd_eo,PCA,48,XGBoost,0,1.0
mdd_eo,PCA,48,XGBoost,1,1.0
mdd_eo,PCA,48,XGBoost,2,1.0
mdd_eo,PCA,49,KNN,0,0.9830508474576272
mdd_eo,PCA,49,KNN,1,0.9322033898305084
mdd_eo,PCA,49,KNN,2,0.9152542372881356
mdd_eo,PCA,49,MLP_(Neural_Network),0,1.0
mdd_eo,PCA,49,MLP_(Neural_Network),1,1.0
mdd_eo,PCA,49,MLP_(Neural_Network),2,1.0
mdd_eo,PCA,49,SVM,0,1.0
mdd_eo,PCA,49,SVM,1,0.9491525423728814
mdd_eo,PCA,49,SVM,2,0.864406779661017
mdd_eo,PCA,49,XGBoost,0,0.9830508474576272
mdd_eo,PCA,49,XGBoost,1,1.0
mdd_eo,PCA,49,XGBoost,2,1.0
mdd_eo,PCA,50,KNN,0,0.9491525423728814
mdd_eo,PCA,50,KNN,1,0.9322033898305084
mdd_eo,PCA,50,KNN,2,0.9152542372881356
mdd_eo,PCA,50,MLP_(Neural_Network),0,1.0
mdd_eo,PCA,50,MLP_(Neural_Network),1,1.0
mdd_eo,PCA,50,MLP_(Neural_Network),2,0.9830508474576272
mdd_eo,PCA,50,SVM,0,0.9322033898305084
mdd_eo,PCA,50,SVM,1,0.864406779661017
mdd_eo,PCA,50,SVM,2,0.9830508474576272
mdd_eo,PCA,50,XGBoost,0,1.0
mdd_eo,PCA,50,XGBoost,1,1.0
mdd_eo,PCA,50,XGBoost,2,1.0
mdd_eo,PCA,51,KNN,0,0.9491525423728814
mdd_eo,PCA,51,KNN,1,0.9152542372881356
mdd_eo,PCA,51,KNN,2,0.9491525423728814
mdd_eo,PCA,51,MLP_(Neural_Network),0,1.0
mdd_eo,PCA,51,MLP_(Neural_Network),1,1.0
mdd_eo,PCA,51,MLP_(Neural_Network),2,1.0
mdd_eo,PCA,51,SVM,0,1.0
mdd_eo,PCA,51,SVM,1,0.9152542372881356
mdd_eo,PCA,51,SVM,2,0.9322033898305084
mdd_eo,PCA,51,XGBoost,0,1.0
mdd_eo,PCA,51,XGBoost,1,1.0
mdd_eo,PCA,51,XGBoost,2,1.0
scz,ANOVA,42,KNN,0,1.0
scz,ANOVA,42,KNN,1,1.0
scz,ANOVA,42,KNN,2,1.0
scz,ANOVA,42,MLP_(Neural_Network),0,1.0
scz,ANOVA,42,MLP_(Neural_Network),1,1.0
scz,ANOVA,42,MLP_(Neural_Network),2,1.0
scz,ANOVA,42,SVM,0,0.8928571428571429
scz,ANOVA,42,SVM,1,0.8928571428571429
scz,ANOVA,42,SVM,2,0.6071428571428571
scz,ANOVA,42,XGBoost,0,1.0
scz,ANOVA,42,XGBoost,1,1.0
scz,ANOVA,42,XGBoost,2,1.0
scz,ANOVA,43,KNN,0,1.0
scz,ANOVA,43,KNN,1,1.0
scz,ANOVA,43,KNN,2,1.0
scz,ANOVA,43,MLP_(Neural_Network),0,1.0
scz,ANOVA,43,MLP_(Neural_Network),1,1.0
scz,ANOVA,43,MLP_(Neural_Network),2,1.0
scz,ANOVA,43,SVM,0,0.6071428571428571
scz,ANOVA,43,SVM,1,0.9285714285714286
scz,ANOVA,43,SVM,2,0.8928571428571429
scz,ANOVA,43,XGBoost,0,1.0
scz,ANOVA,43,XGBoost,1,1.0
scz,ANOVA,43,XGBoost,2,1.0
scz,ANOVA,44,KNN,0,1.0
scz,ANOVA,44,KNN,1,1.0
scz,ANOVA,44,KNN,2,1.0
scz,ANOVA,44,MLP_(Neural_Network),0,1.0
scz,ANOVA,44,MLP_(Neural_Network),1,1.0
scz,ANOVA,44,MLP_(Neural_Network),2,1.0
scz,ANOVA,44,SVM,0,0.6071428571428571
scz,ANOVA,44,SVM,1,0.8928571428571429
scz,ANOVA,44,SVM,2,0.8928571428571429
scz,ANOVA,44,XGBoost,0,1.0
scz,ANOVA,44,XGBoost,1,1.0
scz,ANOVA,44,XGBoost,2,1.0
scz,ANOVA,45,KNN,0,1.0
scz,ANOVA,45,KNN,1,1.0
scz,ANOVA,45,KNN,2,1.0
scz,ANOVA,45,MLP_(Neural_Network),0,1.0
scz,ANOVA,45,MLP_(Neural_Network),1,1.0
scz,ANOVA,45,MLP_(Neural_Network),2,1.0
scz,ANOVA,45,SVM,0,0.9285714285714286
scz,ANOVA,45,SVM,1,0.8928571428571429
scz,ANOVA,45,SVM,2,0.5714285714285714
scz,ANOVA,45,XGBoost,0,1.0
scz,ANOVA,45,XGBoost,1,1.0
scz,ANOVA,45,XGBoost,2,1.0
scz,ANOVA,46,KNN,0,1.0
scz,ANOVA,46,KNN,1,1.0
scz,ANOVA,46,KNN,2,1.0
scz,ANOVA,46,MLP_(Neural_Network),0,1.0
scz,ANOVA,46,MLP_(Neural_Network),1,1.0
scz,ANOVA,46,MLP_(Neural_Network),2,1.0
scz,ANOVA,46,SVM,0,0.8928571428571429
scz,ANOVA,46,SVM,1,0.6071428571428571
scz,ANOVA,46,SVM,2,0.8928571428571429
scz,ANOVA,46,XGBoost,0,1.0
scz,ANOVA,46,XGBoost,1,1.0
scz,ANOVA,46,XGBoost,2,1.0
scz,ANOVA,47,KNN,0,1.0
scz,ANOVA,47,KNN,1,1.0
scz,ANOVA,47,KNN,2,1.0
scz,ANOVA,47,MLP_(Neural_Network),0,1.0
scz,ANOVA,47,MLP_(Neural_Network),1,1.0
scz,ANOVA,47,MLP_(Neural_Network),2,1.0
scz,ANOVA,47,SVM,0,0.8928571428571429
scz,ANOVA,47,SVM,1,0.6071428571428571
scz,ANOVA,47,SVM,2,0.9285714285714286
scz,ANOVA,47,XGBoost,0,1.0
scz,ANOVA,47,XGBoost,1,1.0
scz,ANOVA,47,XGBoost,2,1.0
scz,ANOVA,48,KNN,0,1.0
scz,ANOVA,48,KNN,1,1.0
scz,ANOVA,48,KNN,2,1.0
scz,ANOVA,48,MLP_(Neural_Network),0,1.0
scz,ANOVA,48,MLP_(Neural_Network),1,1.0
scz,ANOVA,48,MLP_(Neural_Network),2,1.0
scz,ANOVA,48,SVM,0,0.6071428571428571
scz,ANOVA,48,SVM,1,0.8928571428571429
scz,ANOVA,48,SVM,2,0.9285714285714286
scz,ANOVA,48,XGBoost,0,1.0
scz,ANOVA,48,XGBoost,1,1.0
scz,ANOVA,48,XGBoost,2,1.0
scz,ANOVA,49,KNN,0,1.0
scz,ANOVA,49,KNN,1,1.0
scz,ANOVA,49,KNN,2,1.0
scz,ANOVA,49,MLP_(Neural_Network),0,1.0
scz,ANOVA,49,MLP_(Neural_Network),1,1.0
scz,ANOVA,49,MLP_(Neural_Network),2,1.0
scz,ANOVA,49,SVM,0,0.8571428571428571
scz,ANOVA,49,SVM,1,0.6428571428571429
scz,ANOVA,49,SVM,2,0.8571428571428571
scz,ANOVA,49,XGBoost,0,1.0
scz,ANOVA,49,XGBoost,1,1.0
scz,ANOVA,49,XGBoost,2,1.0
scz,ANOVA,50,KNN,0,1.0
scz,ANOVA,50,KNN,1,1.0
scz,ANOVA,50,KNN,2,1.0
scz,ANOVA,50,MLP_(Neural_Network),0,1.0
scz,ANOVA,50,MLP_(Neural_Network),1,1.0
scz,ANOVA,50,MLP_(Neural_Network),2,1.0
scz,ANOVA,50,SVM,0,0.8571428571428571
scz,ANOVA,50,SVM,1,0.8928571428571429
scz,ANOVA,50,SVM,2,0.6071428571428571
scz,ANOVA,50,XGBoost,0,1.0
scz,ANOVA,50,XGBoost,1,1.0
scz,ANOVA,50,XGBoost,2,1.0
scz,ANOVA,51,KNN,0,1.0
scz,ANOVA,51,KNN,1,1.0
scz,ANOVA,51,KNN,2,1.0
scz,ANOVA,51,MLP_(Neural_Network),0,1.0
scz,ANOVA,51,MLP_(Neural_Network),1,1.0
scz,ANOVA,51,MLP_(Neural_Network),2,1.0
scz,ANOVA,51,SVM,0,0.9285714285714286
scz,ANOVA,51,SVM,1,0.8571428571428571
scz,ANOVA,51,SVM,2,0.6071428571428571
scz,ANOVA,51,XGBoost,0,1.0
scz,ANOVA,51,XGBoost,1,1.0
scz,ANOVA,51,XGBoost,2,1.0
scz,PCA,42,KNN,0,1.0
scz,PCA,42,KNN,1,1.0
scz,PCA,42,KNN,2,1.0
scz,PCA,42,MLP_(Neural_Network),0,1.0
scz,PCA,42,MLP_(Neural_Network),1,1.0
scz,PCA,42,MLP_(Neural_Network),2,1.0
scz,PCA,42,SVM,0,1.0
scz,PCA,42,SVM,1,0.9285714285714286
scz,PCA,42,SVM,2,1.0
scz,PCA,42,XGBoost,0,0.9642857142857143
scz,PCA,42,XGBoost,1,1.0
scz,PCA,42,XGBoost,2,1.0
scz,PCA,43,KNN,0,1.0
scz,PCA,43,KNN,1,1.0
scz,PCA,43,KNN,2,1.0
scz,PCA,43,MLP_(Neural_Network),0,1.0
scz,PCA,43,MLP_(Neural_Network),1,1.0
scz,PCA,43,MLP_(Neural_Network),2,1.0
scz,PCA,43,SVM,0,0.8928571428571429
scz,PCA,43,SVM,1,1.0
scz,PCA,43,SVM,2,1.0
scz,PCA,43,XGBoost,0,1.0
scz,PCA,43,XGBoost,1,1.0
scz,PCA,43,XGBoost,2,0.9642857142857143
scz,PCA,44,KNN,0,1.0
scz,PCA,44,KNN,1,1.0
scz,PCA,44,KNN,2,1.0
scz,PCA,44,MLP_(Neural_Network),0,1.0
scz,PCA,44,MLP_(Neural_Network),1,1.0
scz,PCA,44,MLP_(Neural_Network),2,1.0
scz,PCA,44,SVM,0,0.9642857142857143
scz,PCA,44,SVM,1,1.0
scz,PCA,44,SVM,2,1.0
scz,PCA,44,XGBoost,0,1.0
scz,PCA,44,XGBoost,1,0.9642857142857143
scz,PCA,44,XGBoost,2,1.0
scz,PCA,45,KNN,0,1.0
scz,PCA,45,KNN,1,1.0
scz,PCA,45,KNN,2,1.0
scz,PCA,45,MLP_(Neural_Network),0,1.0
scz,PCA,45,MLP_(Neural_Network),1,1.0
scz,PCA,45,MLP_(Neural_Network),2,1.0
scz,PCA,45,SVM,0,1.0
scz,PCA,45,SVM,1,1.0
scz,PCA,45,SVM,2,0.9642857142857143
scz,PCA,45,XGBoost,0,1.0
scz,PCA,45,XGBoost,1,0.9642857142857143
scz,PCA,45,XGBoost,2,1.0
scz,PCA,46,KNN,0,1.0
scz,PCA,46,KNN,1,1.0
scz,PCA,46,KNN,2,1.0
scz,PCA,46,MLP_(Neural_Network),0,1.0
scz,PCA,46,MLP_(Neural_Network),1,1.0
scz,PCA,46,MLP_(Neural_Network),2,1.0
scz,PCA,46,SVM,0,1.0
scz,PCA,46,SVM,1,0.8928571428571429
scz,PCA,46,SVM,2,1.0
scz,PCA,46,XGBoost,0,1.0
scz,PCA,46,XGBoost,1,0.9642857142857143
scz,PCA,46,XGBoost,2,1.0
scz,PCA,47,KNN,0,1.0
scz,PCA,47,KNN,1,1.0
scz,PCA,47,KNN,2,1.0
scz,PCA,47,MLP_(Neural_Network),0,1.0
scz,PCA,47,MLP_(Neural_Network),1,1.0
scz,PCA,47,MLP_(Neural_Network),2,1.0
scz,PCA,47,SVM,0,1.0
scz,PCA,47,SVM,1,1.0
scz,PCA,47,SVM,2,0.9285714285714286
scz,PCA,47,XGBoost,0,1.0
scz,PCA,47,XGBoost,1,0.9642857142857143
scz,PCA,47,XGBoost,2,1.0
scz,PCA,48,KNN,0,1.0
scz,PCA,48,KNN,1,1.0
scz,PCA,48,KNN,2,1.0
scz,PCA,48,MLP_(Neural_Network),0,1.0
scz,PCA,48,MLP_(Neural_Network),1,1.0
scz,PCA,48,MLP_(Neural_Network),2,1.0
scz,PCA,48,SVM,0,1.0
scz,PCA,48,SVM,1,0.8928571428571429
scz,PCA,48,SVM,2,1.0
scz,PCA,48,XGBoost,0,1.0
scz,PCA,48,XGBoost,1,0.9642857142857143
scz,PCA,48,XGBoost,2,1.0
scz,PCA,49,KNN,0,1.0
scz,PCA,49,KNN,1,1.0
scz,PCA,49,KNN,2,1.0
scz,PCA,49,MLP_(Neural_Network),0,1.0
scz,PCA,49,MLP_(Neural_Network),1,1.0
scz,PCA,49,MLP_(Neural_Network),2,1.0
scz,PCA,49,SVM,0,0.9285714285714286
scz,PCA,49,SVM,1,1.0
scz,PCA,49,SVM,2,1.0
scz,PCA,49,XGBoost,0,1.0
scz,PCA,49,XGBoost,1,0.9642857142857143
scz,PCA,49,XGBoost,2,1.0
scz,PCA,50,KNN,0,1.0
scz,PCA,50,KNN,1,1.0
scz,PCA,50,KNN,2,1.0
scz,PCA,50,MLP_(Neural_Network),0,1.0
scz,PCA,50,MLP_(Neural_Network),1,1.0
scz,PCA,50,MLP_(Neural_Network),2,1.0
scz,PCA,50,SVM,0,1.0
scz,PCA,50,SVM,1,1.0
scz,PCA,50,SVM,2,0.8571428571428571
scz,PCA,50,XGBoost,0,0.9642857142857143
scz,PCA,50,XGBoost,1,1.0
scz,PCA,50,XGBoost,2,0.9642857142857143
scz,PCA,51,KNN,0,1.0
scz,PCA,51,KNN,1,1.0
scz,PCA,51,KNN,2,1.0
scz,PCA,51,MLP_(Neural_Network),0,1.0
scz,PCA,51,MLP_(Neural_Network),1,1.0
scz,PCA,51,MLP_(Neural_Network),2,1.0
scz,PCA,51,SVM,0,0.8928571428571429
scz,PCA,51,SVM,1,1.0
scz,PCA,51,SVM,2,1.0
scz,PCA,51,XGBoost,0,1.0
scz,PCA,51,XGBoost,1,0.9642857142857143
scz,PCA,51,XGBoost,2,1.0
